,0
0,above
1,accompany
2,address
3,advance
4,aim
5,align
6,anchor
7,approach
8,ascend
9,assemble
10,attach
11,back
12,balance
13,bend
14,beside
15,block
16,boost
17,buckle
18,build
19,burrow
20,buttress
21,bypass
22,calibrate
23,cease
24,center
25,charge
26,chase
27,circle
28,climb
29,close
30,cluster
31,coast
32,collect
33,combine
34,compare
35,compass
36,complete
37,compress
38,concentrate
39,connect
40,consider
41,contain
42,continue
43,contrast
44,convert
45,cover
46,cross
47,curve
48,cut
49,dash
50,deal
51,defend
52,deliver
53,depart
54,descend
55,dig
56,disappear
57,disconnect
58,discover
59,dismount
60,distribute
61,divide
62,dock
63,drag
64,drift
65,drop
66,end
67,enter
68,escalate
69,exit
70,explore
71,extend
72,face
73,fall
74,fasten
75,fill
76,finish
77,fit
78,float
79,follow
80,force
81,form
82,found
83,frame
84,gather
85,get
86,give
87,glide
88,go
89,grasp
90,grip
91,grow
92,guide
93,hang
94,head
95,hold
96,hover
97,hug
98,illuminating
99,impact
100,improve
101,include
102,insert
103,inspect
104,interface
105,interlock
106,interpose
107,intersect
108,intertwine
109,introduce
110,investigate
111,join
112,jump
113,lead
114,leave
115,level
116,lift
117,link
118,list
119,load
120,locate
121,lock
122,loop
123,lower
124,march
125,mark
126,meet
127,merge
128,miss
129,move
130,navigate
131,offset
132,open
133,orbit
134,outline
135,overhang
136,overlap
137,overtake
138,pass
139,patrol
140,pause
141,peer
142,perch
143,pivot
144,place
145,plant
146,plunge
147,point
148,position
149,power
150,prepare
151,preserve
152,press
153,prevent
154,probe
155,process
156,progress
157,protect
158,protrude
159,pull
160,push
161,put
162,race
163,reach
164,realize
165,rebound
166,recede
167,record
168,reduce
169,remove
170,replace
171,replicate
172,reside
173,rest
174,ride
175,rise
176,roll
177,rotate
178,run
179,sail
180,scale
181,scan
182,scatter
183,scramble
184,scrub
185,seal
186,secure
187,seize
188,set
189,shift
190,shoot
191,sidle
192,skew
193,skim
194,slide
195,slip
196,slow
197,smash
198,snap
199,soar
200,sort
201,space
202,spawn
203,speed
204,spin
205,spiral
206,split
207,spread
208,square
209,stabilize
210,stand
211,start
212,station
213,steer
214,step
215,stick
216,stop
217,straddle
218,stretch
219,strike
220,strive
221,structure
222,submerge
223,substitute
224,succeed
225,suffice
226,support
227,surmount
228,swing
229,switch
230,tack
231,tail
232,take
233,tandem
234,tap
235,taper
236,target
237,taxi
238,terminate
239,test
240,thrust
241,tighten
242,tip
243,touch
244,trace
245,track
246,traverse
247,trek
248,trim
249,trip
250,tumble
251,turn
252,twist
253,unite
254,unload
255,unlock
256,unveil
257,uplift
258,vary
259,venture
260,visit
261,wander
262,wedge
263,weigh
264,wheel
265,wind
266,withdraw
267,withstand
268,wrap
269,zipper
270,above-ground
271,aerial
272,aligned
273,ascending
274,atop
275,attached
276,bankside
277,below-ground
278,beneath
279,beside
280,broadside
281,centered
282,cliffside
283,climbing
284,close-up
285,coastal
286,concentric
287,connected
288,contiguous
289,cornering
290,cresting
291,cross-sectional
292,curled
293,curved
294,descending
295,distant
296,downhill
297,drooping
298,eastern
299,elevated
300,enclosed
301,even
302,exposed
303,extended
304,extruded
305,falling
306,far-off
307,floating
308,flowing
309,focused
310,foreshortened
311,forming
312,framed
313,frontal
314,gradual
315,growing
316,hanging
317,heightened
318,hidden
319,high-speed
320,horizontal
321,inclined
322,intertwining
323,intersecting
324,joined
325,lateral
326,leaning
327,level
328,looping
329,low-angle
330,lowered
331,moored
332,mountainous
333,narrow
334,near
335,offset
336,oncoming
337,opening
338,oriented
339,overhanging
340,overlapping
341,oversized
342,panoramic
343,parallel
344,perched
345,perpendicular
346,pivoting
347,plunging
348,pointed
349,pointing
350,prismatic
351,propped
352,proud
353,punctuated
354,reaching
355,receding
356,reflective
357,rising
358,rolling
359,rounded
360,rugged
361,run-down
362,sandy
363,scenic
364,scrambling
365,shaded
366,shallow
367,shifting
368,shimmering
369,shrouded
370,silhouetted
371,sloping
372,slow-moving
373,southern
374,spiral
375,split-level
376,spreading
377,springing
378,square
379,staggered
380,stair-like
381,stark
382,steep
383,still
384,streaking
385,stretching
386,striking
387,structural
388,stylish
389,submerged
390,surrounding
391,suspended
392,swaying
393,tapering
394,terraced
395,thick
396,tilted
397,top-heavy
398,towering
399,trailed
400,tranquil
401,translucent
402,transparent
403,trellised
404,truncated
405,twisted
406,two-story
407,undulating
408,uphill
409,upscale
410,upward
411,v-shaped
412,vaulted
413,veering
414,vertical
415,vibrant
416,viewable
417,visible
418,wavy
419,western
420,wide-angle
421,widening
422,wide-open
423,wind-swept
424,winding
425,wing-like
426,winning
427,wispy
428,wrapping
429,zigzag
430,above
431,abreast
432,abroad
433,ahead
434,along
435,aloof
436,around
437,aside
438,asunder
439,athwart
440,away
441,back
442,backward
443,behind
444,below
445,beneath
446,beside
447,between
448,beyond
449,by
450,close
451,closer
452,closest
453,crosswise
454,downhill
455,downward
456,east
457,eastward
458,evenly
459,far
460,farther
461,fore
462,forward
463,front
464,further
465,here
466,higher
467,inland
468,inside
469,later
470,left
471,lengthwise
472,low
473,near
474,nearer
475,nearest
476,north
477,northeast
478,northerly
479,northward
480,off
481,onward
482,out
483,outdoors
484,outside
485,over
486,overhead
487,past
488,perpendicularly
489,presently
490,rather
491,rear
492,right
493,sideways
494,since
495,south
496,southeast
497,southerly
498,southward
499,still
500,there
501,through
502,thru
503,together
504,transversely
505,uphill
506,upward
507,west
508,westward
509,within
510,without
511,yearly
512,anew
513,apart
514,aside
515,astern
516,atop
517,away
518,barely
519,behindhand
520,below
521,beneath
522,besides
523,betimes
524,bottom
525,carefully
526,clamorously
527,clockwise
528,considerably
529,conversely
530,counter-clockwise
531,deep
532,deeply
533,deliberately
534,dexterously
535,down
536,downstream
537,downwind
538,due
539,elsewhere
540,enough
541,eternally
542,everywhere
543,exactly
544,fast
545,fiercely
546,finally
547,forever
548,forth
549,furiously
550,generally
551,hereabouts
552,home
553,hopelessly
554,hourly
555,how
556,insofar
557,inside-out
558,instantly
559,internally
560,inward
561,lastly
562,laterally
563,leftwards
564,lightly
565,longitudinally
566,loudly
567,low-down
568,madly
569,meanwhile
570,naturally
571,nearly
572,never
573,noisily
574,now
575,nowadays
576,nowhere
577,occasionally
578,oft
579,only
580,outward
581,outwardly
582,painstakingly
583,partly
584,plumb
585,proudly
586,quick
587,radially
588,rarely
589,ratherly
590,regularly
591,reluctantly
592,rightwards
593,rigidly
594,roughly
595,round
596,sideward
597,sidewards
598,simultaneously
599,slow
600,smoothly
601,soft
602,somewhere
603,speedily
604,sporadically
605,squarely
606,steadfastly
607,supremely
608,swiftly
609,thereby
610,thick
611,thin
612,throughout
613,togetherly
614,transversal
615,upwardly
616,vertically
617,vigilantly
618,vigorously
619,wholly
